{
  "mean": {
    "t2m": 293.0729197700678,
    "d2m": 283.101600177782,
    "r2": 59.41584765500726,
    "wspd": 4.106169961861775,
    "sp": 89060.83222720977
  },
  "std": {
    "t2m": 13.56529365759948,
    "d2m": 15.744816246597889,
    "r2": 25.04243543477699,
    "wspd": 2.802658192207269,
    "sp": 16580.295624282222
  }
}