{
  "mean": {
    "t2m": 292.82960204003984,
    "d2m": 282.76639442674497,
    "r2": 59.005562992531885,
    "wspd": 4.072853345727,
    "sp": 89076.99706987607
  },
  "std": {
    "t2m": 13.699777434315113,
    "d2m": 15.946178470517802,
    "r2": 25.02833092632282,
    "wspd": 2.7916150532145303,
    "sp": 16589.996224093742
  }
}